"Region","Group","Start","End","Incidents"
"Australasia & Oceania","Bougainville Revolutionary Army (BRA) | 0007",1992-08-02,1996-09-08,7
"Australasia & Oceania","Guadalcanal Liberation Front (GLF) | 0001",2002-08-22,2002-08-22,1
"Australasia & Oceania","Independence Advocates | 0001",1984-11-17,1984-11-17,1
"Australasia & Oceania","Informal Anarchist Federation | 0001",2013-09-02,2013-09-02,1
"Australasia & Oceania","Justice Commandos for the Armenian Genocide | 0001",1980-12-17,1980-12-17,1
"Australasia & Oceania","Rebel Military Unit | 0001",2000-11-02,2000-11-02,1
"Central America & Caribbean","Farabundo Marti National Liberation Front (FMLN) | 1222",1980-01-04,1992-10-27,1222
"Central America & Caribbean","Nicaraguan Democratic Force (FDN) | 0577",1983-03-15,1987-06-19,577
"Central America & Caribbean","Nicaraguan Resistance | 0113",1987-06-19,1990-03-23,113
"Central America & Caribbean","Democratic Revolutionary Alliance (ARDE) | 0112",1983-05-01,1986-02-16,112
"Central America & Caribbean","Sandinista National Liberation Front (FSLN) | 0049",1977-10-13,1979-06-05,49
"Central America & Caribbean","Contras | 0045",1981-12-01,1983-03-21,45
"Central America & Caribbean","Guatemalan National Revolutionary Unity (URNG) | 0035",1985-05-16,1996-01-16,35
"Central America & Caribbean","Revolutionary Organization of People in Arms (ORPA) | 0035",1979-11-29,1990-03-28,35
"Central America & Caribbean","Guerrilla Army of the Poor (EGP) | 0033",1975-11-01,1988-02-21,33
"Central America & Caribbean","Misurasata Indian Organization | 0020",1983-03-30,1985-01-14,20
"Central America & Caribbean","People's Liberation Forces (FPL) | 0014",1978-10-11,1979-10-29,14
"Central America & Caribbean","Ex-Somoza National Guard | 0012",1980-08-06,1981-12-09,12
"Central America & Caribbean","Rebel Armed Forces of Guatemala (FAR) | 0010",1983-12-07,1989-10-02,10
"Central America & Caribbean","Left-Wing Guerrillas | 0009",1980-07-27,1983-10-25,9
"Central America & Caribbean","Cinchoneros Popular Liberation Movement | 0006",1986-10-11,1991-05-26,6
"Central America & Caribbean","Gunmen | 0005",1995-10-13,2001-07-07,5
"Central America & Caribbean","Left-Wing Terrorists | 0005",1980-09-06,1984-01-15,5
"Central America & Caribbean","Recontras | 0005",1991-08-27,1996-07-14,5
"Central America & Caribbean","Revolutionary Armed Forces of Nicaragua (FARN) | 0005",1981-12-20,1983-03-24,5
"Central America & Caribbean","United Nicaraguan Opposition | 0005",1986-07-04,1986-07-05,5
"Central America & Caribbean","Lorenzo Zelaya Revolutionary Front (LZRF) | 0004",1981-09-23,1988-07-17,4
"Central America & Caribbean","Morazanist Front for the Liberation of Honduras (FMLH) | 0004",1983-09-03,1990-03-31,4
"Central America & Caribbean","Counter-revolutionaries | 0003",1979-12-27,1981-11-24,3
"Central America & Caribbean","Armed Forces of National Resistance (FARN) | 0002",1976-06-28,1979-10-30,2
"Central America & Caribbean","Kisan Indian Organization | 0002",1986-04-13,1986-08-20,2
"Central America & Caribbean","Patriotic Morazanista Front (FPM) | 0002",1989-04-11,1989-07-13,2
"Central America & Caribbean","Political Activists | 0002",1995-04-16,1996-07-02,2
"Central America & Caribbean","Popular Revolutionary Bloc (BPR) | 0002",1979-09-29,1980-04-17,2
"Central America & Caribbean","Recompras | 0002",1992-01-08,1992-01-28,2
"Central America & Caribbean","19th of July Christian Resistance Brigade | 0001",1981-06-25,1981-06-25,1
"Central America & Caribbean","20 December Movement (M-20) | 0001",1992-06-08,1992-06-08,1
"Central America & Caribbean","Andres Castro United Front | 0001",2000-03-16,2000-03-16,1
"Central America & Caribbean","Anti-Communist Patriotic Front | 0001",1980-07-23,1980-07-23,1
"Central America & Caribbean","Anti Somoza Gp, name unk | 0001",1982-05-14,1982-05-14,1
"Central America & Caribbean","Armed People | 0001",1995-03-12,1995-03-12,1
"Central America & Caribbean","Carlos Echeverria commando group | 0001",1981-03-17,1981-03-17,1
"Central America & Caribbean","Democratic Revolutionary Front (FDR) | 0001",1980-09-21,1980-09-21,1
"Central America & Caribbean","Dominican Popular Movement (MPD) | 0001",1970-03-24,1970-03-24,1
"Central America & Caribbean","Extremists | 0001",1981-07-16,1981-07-16,1
"Central America & Caribbean","Fanmi Lavalas | 0001",2002-05-07,2002-05-07,1
"Central America & Caribbean","Former Soldiers/Police | 0001",1995-02-14,1995-02-14,1
"Central America & Caribbean","Gang | 0001",1996-11-24,1996-11-24,1
"Central America & Caribbean","Guatemalan Labor Party (PGT) | 0001",1979-05-01,1979-05-01,1
"Central America & Caribbean","Guerrillas | 0001",1987-01-06,1987-01-06,1
"Central America & Caribbean","M-19 (Movement of April 19) | 0001",1985-08-20,1985-08-20,1
"Central America & Caribbean","Manuel Jose Arce Commando | 0001",1988-10-19,1988-10-19,1
"Central America & Caribbean","Miskito Indian Organization | 0001",1986-03-22,1986-03-22,1
"Central America & Caribbean","Nicaraguan  Revolutionary Armed Force | 0001",1984-04-01,1984-04-01,1
"Central America & Caribbean","Nicaraguan Counter Revolutionaries (group unk) | 0001",1981-10-16,1981-10-16,1
"Central America & Caribbean","People's Revolutionary Army (ERP) (El Salvador) | 0001",1979-02-01,1979-02-01,1
"Central America & Caribbean","Popular Anti-Communist Militias | 0001",1980-07-22,1980-07-22,1
"Central America & Caribbean","Revolutionary Armed Forces (FAR) | 0001",1983-12-14,1983-12-14,1
"Central America & Caribbean","Revolutionary Commandos of Solidarity | 0001",1977-04-11,1977-04-11,1
"Central America & Caribbean","Revolutionary United Front Movement | 0001",1989-02-18,1989-02-18,1
"Central America & Caribbean","Sandinistas | 0001",1983-03-26,1983-03-26,1
"Central America & Caribbean","Somozists | 0001",1980-12-21,1980-12-21,1
"Central America & Caribbean","Subversives | 0001",1981-07-16,1981-07-16,1
"Central Asia","Abkhazian Separatists | 0003",1992-09-19,1997-07-09,3
"Central Asia","Supporters of Ex-President Gamsakhurdial | 0003",1992-03-13,1992-07-06,3
"Central Asia","Algeisk Wolves | 0002",1995-04-09,1995-06-08,2
"Central Asia","Azerbaijan Guerrillas | 0002",1991-11-24,1992-05-26,2
"Central Asia","Gunmen | 0002",2000-11-30,2011-11-08,2
"Central Asia","Islamic Movement of Uzbekistan (IMU) | 0002",2000-08-12,2000-08-12,2
"Central Asia","Abkhazian guerrillas | 0001",1992-12-28,1992-12-28,1
"Central Asia","Armenian militants | 0001",1992-03-09,1992-03-09,1
"Central Asia","Georgian Militants | 0001",2001-07-22,2001-07-22,1
"Central Asia","Islamic Revival Movement | 0001",1995-09-28,1995-09-28,1
"Central Asia","Muslim Militants | 0001",1992-12-25,1992-12-25,1
"Central Asia","Taliban | 0001",2014-02-26,2014-02-26,1
"East Asia","Revolutionary Workers' Council (Kakurokyo) | 0004",1978-01-27,1978-01-27,4
"East Asia","Senki (""Battle Flag"") | 0003",1983-07-05,1983-07-05,3
"East Asia","Anti-U.S. radicals | 0001",1991-12-08,1991-12-08,1
"East Asia","Aum Shinri Kyo | 0001",1990-04-15,1990-04-15,1
"East Asia","Chukakuha (Middle Core Faction) | 0001",1986-04-15,1986-04-15,1
"East Asia","Left-Wing Extremists | 0001",1983-11-01,1983-11-01,1
"East Asia","Okinawa Liberation League | 0001",1975-07-23,1975-07-23,1
"East Asia","Revolutionary Army | 0001",2015-04-28,2015-04-28,1
"East Asia","Uighur Separatists | 0001",2005-01-20,2005-01-20,1
"Eastern Europe","Donetsk People's Republic | 0375",2014-04-16,2015-12-04,375
"Eastern Europe","Luhansk People's Republic | 0100",2014-05-08,2015-11-03,100
"Eastern Europe","Chechen Rebels | 0084",1997-06-26,2014-04-03,84
"Eastern Europe","Kosovo Liberation Army (KLA) | 0016",1998-04-14,1999-06-17,16
"Eastern Europe","Pro-Russia Militia | 0006",2014-03-18,2015-04-21,6
"Eastern Europe","Cossack Separatists | 0005",2014-10-07,2014-10-07,5
"Eastern Europe","Gunmen | 0005",2000-01-28,2002-08-21,5
"Eastern Europe","Donskoy Army | 0004",2014-10-14,2014-10-14,4
"Eastern Europe","Armed Forces of the Chechen Republic of Ichkeria | 0003",2001-11-25,2002-07-09,3
"Eastern Europe","Kharkiv Partisans | 0003",2014-11-08,2015-02-22,3
"Eastern Europe","Albanian National Army (ANA) | 0002",2001-08-14,2003-05-17,2
"Eastern Europe","Albanians | 0002",2000-05-20,2001-07-01,2
"Eastern Europe","Armenian Guerrillas | 0002",1990-08-19,1991-08-15,2
"Eastern Europe","Caucasus Emirate | 0002",2008-06-23,2009-06-13,2
"Eastern Europe","Ingush Rebels | 0002",1992-10-30,1992-10-30,2
"Eastern Europe","Special Purpose Islamic Regiment (SPIR) | 0002",2001-04-09,2002-02-06,2
"Eastern Europe","Armenian Extremists | 0001",1990-08-20,1990-08-20,1
"Eastern Europe","Armenian Group | 0001",1990-04-12,1990-04-12,1
"Eastern Europe","Armenian paramilitary group | 0001",1990-08-22,1990-08-22,1
"Eastern Europe","Army of the Republic of Ilirida | 0001",2002-08-12,2002-08-12,1
"Eastern Europe","Azerbaijan Guerrillas | 0001",1991-08-13,1991-08-13,1
"Eastern Europe","Grozny Jamaat | 0001",2002-04-18,2002-04-18,1
"Eastern Europe","Kaitseliit Paramiltary Group | 0001",1992-07-14,1992-07-14,1
"Eastern Europe","Lithuanian Land Guard | 0001",1992-05-15,1992-05-15,1
"Eastern Europe","Makhachkala Gang | 0001",2013-09-03,2013-09-03,1
"Eastern Europe","National Liberation Army (NLA) (Macedonia) | 0001",2001-11-28,2001-11-28,1
"Eastern Europe","Neo-Nazi Group | 0001",2013-11-03,2013-11-03,1
"Eastern Europe","Serbian guerrillas | 0001",1992-03-09,1992-03-09,1
"Eastern Europe","Skinheads | 0001",2006-04-13,2006-04-13,1
"Eastern Europe","Sword of Islam | 0001",1999-02-09,1999-02-09,1
"Eastern Europe","Ukrainian Nationalist Group | 0001",2014-10-20,2014-10-20,1
"Eastern Europe","Wolves of Islam | 0001",1998-10-03,1998-10-03,1
"Middle East & North Africa","Kurdistan Workers' Party (PKK) | 0502",1984-08-15,2015-12-31,502
"Middle East & North Africa","Islamic State of Iraq and the Levant (ISIL) | 0452",2013-05-16,2015-12-29,452
"Middle East & North Africa","Al-Qaida in the Arabian Peninsula (AQAP) | 0360",2010-11-30,2015-12-17,360
"Middle East & North Africa","Palestinians | 0308",1970-09-01,2001-05-08,308
"Middle East & North Africa","Hezbollah | 0143",1983-03-01,2015-01-28,143
"Middle East & North Africa","Huthi Extremists | 0126",2013-09-30,2015-12-25,126
"Middle East & North Africa","Algerian Islamic Extremists | 0125",1998-02-20,2008-12-27,125
"Middle East & North Africa","Palestine Liberation Organization (PLO) | 0097",1979-05-06,1994-04-02,97
"Middle East & North Africa","Palestinian Extremists | 0084",2012-07-25,2015-12-31,84
"Middle East & North Africa","Salafist Group for Preaching and Fighting (GSPC) | 0074",1999-03-01,2007-01-23,74
"Middle East & North Africa","Hamas (Islamic Resistance Movement) | 0071",1991-04-16,2015-12-10,71
"Middle East & North Africa","Muslim Fundamentalists | 0062",1992-03-28,2015-12-09,62
"Middle East & North Africa","Al-Nusrah Front | 0055",2012-09-07,2015-12-25,55
"Middle East & North Africa","Al-Qaida in Iraq | 0054",2004-12-14,2013-03-19,54
"Middle East & North Africa","Al-Qaida in the Islamic Maghreb (AQIM) | 0049",2007-01-30,2015-07-26,49
"Middle East & North Africa","Sinai Province of the Islamic State | 0049",2014-11-13,2015-12-20,49
"Middle East & North Africa","Gunmen | 0041",2000-12-02,2011-11-29,41
"Middle East & North Africa","Barqa Province of the Islamic State | 0030",2014-11-12,2015-12-13,30
"Middle East & North Africa","Muslim Brotherhood | 0029",1979-06-16,2014-03-15,29
"Middle East & North Africa","Islamist Extremists | 0027",1992-05-10,2010-10-28,27
"Middle East & North Africa","Free Syrian Army | 0026",2012-02-24,2015-11-24,26
"Middle East & North Africa","Southern Mobility Movement (Yemen) | 0026",2010-09-03,2015-04-13,26
"Middle East & North Africa","16 January Organization for the Liberation of Tripoli | 0024",1989-01-20,1989-12-12,24
"Middle East & North Africa","Armed Islamic Group (GIA) | 0024",1994-04-26,2006-05-08,24
"Middle East & North Africa","Tribesmen | 0024",2013-12-21,2015-04-19,24
"Middle East & North Africa","Popular Resistance Committees (Yemen) | 0022",2015-04-10,2015-08-27,22
"Middle East & North Africa","Turkish People's Liberation Army | 0021",1970-08-31,1976-03-27,21
"Middle East & North Africa","Ansar Bayt al-Maqdis (Ansar Jerusalem) | 0020",2012-09-21,2014-11-04,20
"Middle East & North Africa","Mujahedin-e Khalq (MEK) | 0019",1972-05-31,1994-03-18,19
"Middle East & North Africa","9 February | 0018",1988-01-27,1989-03-07,18
"Middle East & North Africa","Dev Sol | 0017",1990-04-11,1994-12-15,17
"Middle East & North Africa","Supporters of Abd Rabbuh Mansur Hadi | 0017",2015-03-12,2015-08-05,17
"Middle East & North Africa","Palestinian Islamic Jihad (PIJ) | 0016",1990-10-21,2015-09-21,16
"Middle East & North Africa","Popular Front for the Liberation of Palestine (PFLP) | 0016",1970-06-10,2012-11-10,16
"Middle East & North Africa","Tripoli Province of the Islamic State | 0016",2015-03-14,2015-12-19,16
"Middle East & North Africa","Shaykh Subhi Al-Salih Forces | 0014",1988-12-04,1989-03-14,14
"Middle East & North Africa","Ansar al-Sharia (Libya) | 0012",2013-11-25,2015-05-13,12
"Middle East & North Africa","Democratic Front for the Liberation of Palestine (DFLP) | 0012",1982-03-25,2014-04-12,12
"Middle East & North Africa","Lebanese National Resistance Front | 0012",1983-01-05,1991-11-23,12
"Middle East & North Africa","Abu Nidal Organization (ANO) | 0011",1982-11-08,1992-10-20,11
"Middle East & North Africa","Al-Aqsa Martyrs Brigade | 0011",2002-02-19,2015-05-03,11
"Middle East & North Africa","Al-Naqshabandiya Army | 0011",2014-09-07,2015-01-12,11
"Middle East & North Africa","Islamic Front (Syria) | 0011",2014-02-19,2015-02-14,11
"Middle East & North Africa","Military Council of the Tribal Revolutionaries (MCTR) | 0011",2014-04-03,2014-12-23,11
"Middle East & North Africa","Armenian Secret Army for the Liberation of Armenia | 0010",1976-01-01,1986-10-01,10
"Middle East & North Africa","Haftar Militia | 0010",2014-05-16,2014-11-15,10
"Middle East & North Africa","Moslem Activists | 0010",1994-04-08,1994-06-14,10
"Middle East & North Africa","Southern Front | 0010",2015-06-09,2015-06-17,10
"Middle East & North Africa","Tawhid and Jihad | 0008",2004-02-18,2004-10-14,8
"Middle East & North Africa","Ahrar al-Sham | 0007",2015-04-27,2015-10-04,7
"Middle East & North Africa","Beirut Martyrs Battalion | 0007",1988-09-02,1989-06-22,7
"Middle East & North Africa","Supporters of the Islamic State in Jerusalem | 0007",2015-07-19,2015-07-19,7
"Middle East & North Africa","Adan-Abyan Province of the Islamic State | 0006",2015-08-12,2015-11-04,6
"Middle East & North Africa","Amal | 0006",1986-05-01,1999-10-23,6
"Middle East & North Africa","Black Panther Group (Palestinian) | 0006",1991-11-26,1995-11-29,6
"Middle East & North Africa","Kurdish Democratic Party-Iraq (KDP) | 0005",1988-11-16,1998-08-16,5
"Middle East & North Africa","Okba Ibn Nafaa Brigade | 0005",2014-07-16,2015-08-23,5
"Middle East & North Africa","Polisario Front | 0005",1978-12-10,1987-02-18,5
"Middle East & North Africa","Shura Council of Benghazi Revolutionaries | 0005",2014-09-09,2015-06-22,5
"Middle East & North Africa","Southern Yemen Separatists | 0005",2010-02-19,2014-01-17,5
"Middle East & North Africa","Al-Fatah | 0004",1988-03-26,1992-07-07,4
"Middle East & North Africa","Ansar al-Islam | 0004",2008-02-01,2014-01-27,4
"Middle East & North Africa","Ansar al-Sharia (Tunisia) | 0004",2013-07-29,2013-10-23,4
"Middle East & North Africa","Arab Democratic Party | 0004",1987-09-08,1987-09-08,4
"Middle East & North Africa","Islamic Salvation Front (FIS) | 0004",1991-07-12,1992-09-27,4
"Middle East & North Africa","Kurdistan Free Life Party | 0004",2008-10-18,2013-02-24,4
"Middle East & North Africa","Palestinian Revolution Forces | 0004",1986-06-26,1986-07-24,4
"Middle East & North Africa","Supreme Council for Islamic Revolution in Iraq (SCIRI) | 0004",1992-10-09,1997-05-07,4
"Middle East & North Africa","Takfir wal-Hijra (Excommunication and Exodus) | 0004",2005-02-02,2013-06-15,4
"Middle East & North Africa","Al-Faruo Battalion | 0003",1988-10-10,1988-10-18,3
"Middle East & North Africa","Fatah Uprising | 0003",1989-02-23,1990-01-05,3
"Middle East & North Africa","Front for the Liberation of Lebanon from Foreigners | 0003",1981-09-17,1982-02-27,3
"Middle East & North Africa","Hadramawt Province of the Islamic State | 0003",2015-04-30,2015-08-20,3
"Middle East & North Africa","Jaish al-Adl | 0003",2013-12-18,2015-04-10,3
"Middle East & North Africa","Kurdish Democratic Party-Iran (KDP) | 0003",1989-09-30,1990-04-17,3
"Middle East & North Africa","Lebanese Liberation Front | 0003",1987-04-16,1988-03-24,3
"Middle East & North Africa","Militants | 0003",2008-08-28,2009-05-01,3
"Middle East & North Africa","Muslim Militants | 0003",1986-02-26,2000-02-24,3
"Middle East & North Africa","Separatists | 0003",2013-01-11,2013-05-06,3
"Middle East & North Africa","Shiite Muslims | 0003",1979-09-14,1984-10-04,3
"Middle East & North Africa","Syrian Social Nationalist Party | 0003",1985-04-09,1990-11-25,3
"Middle East & North Africa","Turkish Communist Party/Marxist (TKP-ML) | 0003",1996-08-25,2015-08-09,3
"Middle East & North Africa","Turkish People's Liberation Front (TPLF)(THKP-C) | 0003",1970-10-02,1980-05-20,3
"Middle East & North Africa","313 Brigade (Syria) | 0002",2013-06-28,2013-06-28,2
"Middle East & North Africa","Abdullah Azzam Brigades | 0002",2005-08-19,2013-12-17,2
"Middle East & North Africa","Al-Qaida | 0002",2000-01-03,2000-10-12,2
"Middle East & North Africa","Al-Shabaab al-Mu'minin | 0002",2005-04-25,2005-05-07,2
"Middle East & North Africa","Arab Socialist Baath Party | 0002",1985-09-04,1985-11-27,2
"Middle East & North Africa","Arabs | 0002",1981-01-11,1996-05-13,2
"Middle East & North Africa","Bedouin tribesmen | 0002",2012-05-05,2012-06-15,2
"Middle East & North Africa","Derna Mujahideen Shura Council | 0002",2014-12-24,2014-12-28,2
"Middle East & North Africa","Force 17 | 0002",1984-02-25,1987-08-02,2
"Middle East & North Africa","Free Libya Martyrs Brigade | 0002",2015-10-13,2015-10-14,2
"Middle East & North Africa","Hadramawt Tribes Alliance | 0002",2014-02-07,2015-04-29,2
"Middle East & North Africa","Iraqi Revolutionary Forces | 0002",1992-11-12,1992-11-12,2
"Middle East & North Africa","Israeli Settler | 0002",2014-11-12,2015-08-24,2
"Middle East & North Africa","Jund al-Khilafah (Tunisia) | 0002",2015-04-07,2015-04-22,2
"Middle East & North Africa","Jund al-Sham for Tawhid and Jihad | 0002",2008-06-12,2015-07-25,2
"Middle East & North Africa","Kurdish Rebels | 0002",1989-04-22,1989-04-25,2
"Middle East & North Africa","Libya Revolutionaries Operations Room (LROR) | 0002",2013-10-10,2014-07-13,2
"Middle East & North Africa","Liwa Ahrar al-Sunna | 0002",2014-03-29,2014-04-30,2
"Middle East & North Africa","Marxist-Leninist Armed Propaganda Unit | 0002",1979-05-11,1980-04-16,2
"Middle East & North Africa","Mujahedeen Army | 0002",2006-01-19,2014-08-12,2
"Middle East & North Africa","Palestinian/Lebanese nationalists | 0002",1985-01-16,1985-01-16,2
"Middle East & North Africa","Patriotic Union of Kurdistan (PUK) | 0002",1995-03-11,1997-11-07,2
"Middle East & North Africa","Popular Resistance Committees | 0002",2007-11-04,2014-05-21,2
"Middle East & North Africa","pro-iranian terrorists | 0002",1984-01-05,1984-01-05,2
"Middle East & North Africa","Right Wing Christian extremists | 0002",1978-11-24,1978-11-24,2
"Middle East & North Africa","Sanaa Province of the Islamic State | 0002",2015-06-29,2015-07-07,2
"Middle East & North Africa","Shura Council of Mujahideen in Derna | 0002",2015-06-28,2015-06-29,2
"Middle East & North Africa","Tripoli Martyrs Battalion | 0002",1989-01-09,1989-01-09,2
"Middle East & North Africa","Yemenis | 0002",2001-01-15,2001-01-17,2
"Middle East & North Africa","14 March Coalition | 0001",2008-07-09,2008-07-09,1
"Middle East & North Africa","Abida Tribe | 0001",2005-11-21,2005-11-21,1
"Middle East & North Africa","Abu Jaafar al-Mansur Brigades | 0001",2014-01-05,2014-01-05,1
"Middle East & North Africa","Abu Musa Group | 0001",1987-05-15,1987-05-15,1
"Middle East & North Africa","Adan Abyan Islamic Army (AAIA) | 0001",1999-08-28,1999-08-28,1
"Middle East & North Africa","Ahmad Jibril | 0001",1978-08-13,1978-08-13,1
"Middle East & North Africa","Aibed Er-Rahman katibet | 0001",2006-07-04,2006-07-04,1
"Middle East & North Africa","Al-Fatihin Army (AFA) | 0001",2008-01-01,2008-01-01,1
"Middle East & North Africa","Al-Herak Al-Tihami Movement | 0001",2013-03-09,2013-03-09,1
"Middle East & North Africa","Al-Islah Party | 0001",2014-09-16,2014-09-16,1
"Middle East & North Africa","Al-Qaqa Brigade | 0001",2014-02-06,2014-02-06,1
"Middle East & North Africa","Al-Sa'iqa | 0001",1988-11-06,1988-11-06,1
"Middle East & North Africa","Al-Zintan Revolutionaries' Military Council | 0001",2014-10-11,2014-10-11,1
"Middle East & North Africa","Algeria Province of the Islamic State | 0001",2015-12-18,2015-12-18,1
"Middle East & North Africa","Anbar Salvation Council | 0001",2007-06-02,2007-06-02,1
"Middle East & North Africa","Ansar al-Sunna | 0001",2004-12-21,2004-12-21,1
"Middle East & North Africa","Arab Liberation Front (ALF) | 0001",1979-08-05,1979-08-05,1
"Middle East & North Africa","Arab Separatists | 0001",1980-04-29,1980-04-29,1
"Middle East & North Africa","Armed Struggle Organization | 0001",1983-01-16,1983-01-16,1
"Middle East & North Africa","Army of the Tribes | 0001",2015-10-27,2015-10-27,1
"Middle East & North Africa","Ayesha bint al-Sadiq Brigade | 0001",2013-10-17,2013-10-17,1
"Middle East & North Africa","Begumcans Cell | 0001",1978-01-25,1978-01-25,1
"Middle East & North Africa","Black Hand | 0001",1983-12-21,1983-12-21,1
"Middle East & North Africa","Committee of Solidarity with Arab and Middle East Political Prisoners (CSPPA) | 0001",1986-06-07,1986-06-07,1
"Middle East & North Africa","Concerned citizens | 0001",1995-01-29,1995-01-29,1
"Middle East & North Africa","Cyrenaica Self-Defense Force | 0001",2014-03-22,2014-03-22,1
"Middle East & North Africa","Devrimici Halk Kurtulus Cephesi (DHKP/C) | 0001",1997-07-14,1997-07-14,1
"Middle East & North Africa","East Turkistan Liberation Organization | 0001",1999-10-05,1999-10-05,1
"Middle East & North Africa","El-Feth katibat | 0001",2006-10-08,2006-10-08,1
"Middle East & North Africa","Fatah al-Islam | 0001",2008-05-31,2008-05-31,1
"Middle East & North Africa","Forces of the Free Arab | 0001",1989-02-23,1989-02-23,1
"Middle East & North Africa","Free and Democratic Society of Eastern Kurdistan (KODAR) | 0001",2015-08-07,2015-08-07,1
"Middle East & North Africa","Guerrillas | 0001",1984-11-01,1984-11-01,1
"Middle East & North Africa","Hamawand Tribe | 0001",1992-05-05,1992-05-05,1
"Middle East & North Africa","Hezbollah Palestine | 0001",1992-08-04,1992-08-04,1
"Middle East & North Africa","Iraq's Jihadist Leagues | 0001",2008-03-18,2008-03-18,1
"Middle East & North Africa","Iraqis | 0001",1982-01-09,1982-01-09,1
"Middle East & North Africa","Islamic Army in Iraq (al-Jaish al-Islami fi al-Iraq) | 0001",2005-04-21,2005-04-21,1
"Middle East & North Africa","Islamic Mujahidin | 0001",1992-05-06,1992-05-06,1
"Middle East & North Africa","Islamic State of Iraq (ISI) | 0001",2007-09-23,2007-09-23,1
"Middle East & North Africa","Israeli Extremists | 0001",2015-10-13,2015-10-13,1
"Middle East & North Africa","Jaish al-Fatah (Syria) | 0001",2015-10-19,2015-10-19,1
"Middle East & North Africa","Jaish Tahkim al-Din | 0001",2014-04-29,2014-04-29,1
"Middle East & North Africa","Jaljala Army | 0001",2012-08-05,2012-08-05,1
"Middle East & North Africa","Jaysh al-Islam (Syria) | 0001",2015-03-22,2015-03-22,1
"Middle East & North Africa","Joint Meeting Parties (JMP) | 0001",2011-07-03,2011-07-03,1
"Middle East & North Africa","Justice Commandos for the Armenian Genocide | 0001",1982-12-29,1982-12-29,1
"Middle East & North Africa","Kach | 0001",1991-03-08,1991-03-08,1
"Middle East & North Africa","Kamal Udwan Unit of Palestinians | 0001",1981-07-14,1981-07-14,1
"Middle East & North Africa","Khalid ibn Walid | 0001",1985-06-14,1985-06-14,1
"Middle East & North Africa","Kurdistan Freedom Hawks (TAK) | 0001",2012-08-09,2012-08-09,1
"Middle East & North Africa","Lebanese Arab Army | 0001",1982-04-18,1982-04-18,1
"Middle East & North Africa","Lebanese Resistance Group | 0001",1983-08-05,1983-08-05,1
"Middle East & North Africa","Liberation Battalion | 0001",1987-11-17,1987-11-17,1
"Middle East & North Africa","Liberation Hawks | 0001",1987-03-29,1987-03-29,1
"Middle East & North Africa","Libya Shield Force | 0001",2014-11-11,2014-11-11,1
"Middle East & North Africa","Liwa al-Islam | 0001",2013-02-21,2013-02-21,1
"Middle East & North Africa","Liwa al-Sham | 0001",2013-07-01,2013-07-01,1
"Middle East & North Africa","Local Residents | 0001",1992-06-24,1992-06-24,1
"Middle East & North Africa","Major Muhammad Zuhnyn Group | 0001",1986-06-28,1986-06-28,1
"Middle East & North Africa","Martyr Ahmad Alishuay B Group | 0001",1989-03-16,1989-03-16,1
"Middle East & North Africa","Martyr Riyad Taha Group | 0001",1989-10-19,1989-10-19,1
"Middle East & North Africa","Marwan Al-Qawasimi and Amir Abu-Ayshah Group | 0001",2015-01-14,2015-01-14,1
"Middle East & North Africa","Mawlawi and Mansour Group | 0001",2014-10-24,2014-10-24,1
"Middle East & North Africa","Misrata Brigades | 0001",2014-12-17,2014-12-17,1
"Middle East & North Africa","Mujahedeen Shura Council | 0001",2005-04-30,2005-04-30,1
"Middle East & North Africa","Munadil al-Jumalyi Brigade | 0001",2008-03-17,2008-03-17,1
"Middle East & North Africa","Muslim Extremists | 0001",1979-09-14,1979-09-14,1
"Middle East & North Africa","National Front for the Salvation of Libya | 0001",1984-05-13,1984-05-13,1
"Middle East & North Africa","National Movement of Iranian Resistance | 0001",1984-09-30,1984-09-30,1
"Middle East & North Africa","Palestine Liberation Front (PLF) | 0001",1979-07-08,1979-07-08,1
"Middle East & North Africa","Palestinian Forces | 0001",1986-03-04,1986-03-04,1
"Middle East & North Africa","Popular Front for the Liberation of Palestine, Gen Cmd (PFLP-GC) | 0001",1987-11-25,1987-11-25,1
"Middle East & North Africa","Rafallah al-Sahati Brigade | 0001",2014-06-25,2014-06-25,1
"Middle East & North Africa","Rebels | 0001",2009-07-29,2009-07-29,1
"Middle East & North Africa","Revolutionary Punishment Movement | 0001",2015-08-29,2015-08-29,1
"Middle East & North Africa","Salafi Daawa Group | 0001",2004-11-28,2004-11-28,1
"Middle East & North Africa","Saudi Hezbollah | 0001",1996-06-25,1996-06-25,1
"Middle East & North Africa","Secessionists | 0001",2012-12-04,2012-12-04,1
"Middle East & North Africa","Shabwah Province of the Islamic State | 0001",2015-04-14,2015-04-14,1
"Middle East & North Africa","Shaykh Hassan Khalid Forces | 0001",1989-06-22,1989-06-22,1
"Middle East & North Africa","Sunni Muslims | 0001",1982-12-17,1982-12-17,1
"Middle East & North Africa","Syrian Army deserters | 0001",2012-01-30,2012-01-30,1
"Middle East & North Africa","Syrian Mujahideen | 0001",2013-06-16,2013-06-16,1
"Middle East & North Africa","Tajamo Ansar al-Islam | 0001",2012-09-26,2012-09-26,1
"Middle East & North Africa","Tanyus Shanin Armed Unit | 0001",1987-10-29,1987-10-29,1
"Middle East & North Africa","Tayeb Al-Afghani's Islamist Group | 0001",1991-12-07,1991-12-07,1
"Middle East & North Africa","Terrorists | 0001",1981-09-07,1981-09-07,1
"Middle East & North Africa","Turkish Islamic Jihad | 0001",1991-10-28,1991-10-28,1
"Middle East & North Africa","Union of Revolutionary Communists in Turkey (TIKB) | 0001",1999-09-28,1999-09-28,1
"Middle East & North Africa","Villagers | 0001",1995-05-22,1995-05-22,1
"Middle East & North Africa","Youth of the Land of Egypt | 0001",2014-11-12,2014-11-12,1
"Middle East & North Africa","Zionist Resistance Fighters | 0001",1999-11-22,1999-11-22,1
"North America","Left-Wing Militants | 0048",1970-01-06,1971-11-30,48
"North America","Black Nationalists | 0018",1970-03-12,1971-09-18,18
"North America","White Extremists | 0017",1970-01-25,1996-10-03,17
"North America","Aryan Republican Army | 0016",1994-01-25,1995-12-19,16
"North America","May 19 Communist Order | 0014",1976-12-06,1983-08-18,14
"North America","Student Radicals | 0010",1970-02-06,1971-10-03,10
"North America","Black Liberation Army | 0008",1971-01-24,1974-05-03,8
"North America","Popular Revolutionary Army (Mexico) | 0008",1996-07-16,1998-07-25,8
"North America","Coalition to Save the Preserves (CSP) | 0007",2000-04-09,2001-01-18,7
"North America","United Freedom Front (UFF) | 0007",1982-04-02,1984-06-05,7
"North America","Macheteros | 0006",1978-08-24,1986-11-05,6
"North America","Neo-Nazi Group | 0006",1975-08-16,2008-11-14,6
"North America","World Church of the Creator | 0006",1999-07-02,1999-07-04,6
"North America","The Order (Silent Brotherhood) | 0005",1983-10-28,1984-07-19,5
"North America","Black Muslims | 0004",1973-09-18,1974-12-29,4
"North America","Anti-Abortion Activists | 0003",1991-04-22,1995-01-18,3
"North America","Fuerzas Armadas de Liberacion Nacional (FALN) | 0003",1979-10-17,1979-12-03,3
"North America","George Jackson Brigade | 0003",1977-05-21,1977-11-02,3
"North America","Jewish Extremists | 0003",1982-12-02,1985-11-29,3
"North America","Latin America Anti-Communist Army (LAACA) | 0003",1974-12-08,1974-12-08,3
"North America","Popular Liberation Army (Puerto Rico) | 0003",1991-02-02,1991-03-17,3
"North America","Puerto Rican Nationalists | 0003",1970-05-01,1986-03-17,3
"North America","Symbionese Liberation Army (SLA) | 0003",1974-04-15,1975-04-21,3
"North America","Weather Underground, Weathermen | 0003",1970-01-01,1970-10-08,3
"North America","Americans for a Competent Federal Judicial System | 0002",1989-08-21,1989-12-16,2
"North America","Anti-Government Group | 0002",1992-04-15,1995-03-28,2
"North America","Chicano Radicals | 0002",1971-05-04,1971-06-16,2
"North America","Ku Klux Klan | 0002",1980-02-17,1983-07-28,2
"North America","American Servicemen's Union (ASU) | 0001",1970-07-26,1970-07-26,1
"North America","Animal Liberation Front (ALF) | 0001",1999-08-21,1999-08-21,1
"North America","Anti-Communist Viets Organization | 0001",1981-07-21,1981-07-21,1
"North America","Anti-Environmentalist | 0001",1998-06-27,1998-06-27,1
"North America","Armed Commandos of Liberation | 0001",1970-01-09,1970-01-09,1
"North America","Army of God | 0001",1998-10-23,1998-10-23,1
"North America","Aryan Nation | 0001",1999-08-10,1999-08-10,1
"North America","BAY Bombers | 0001",1971-02-04,1971-02-04,1
"North America","Black Afro Militant Movement | 0001",1971-02-20,1971-02-20,1
"North America","Chicano Liberation Front | 0001",1971-05-09,1971-05-09,1
"North America","Cuban Exiles | 0001",1976-05-16,1976-05-16,1
"North America","Democratic Revolutionary Party | 0001",1995-07-14,1995-07-14,1
"North America","Evan Mecham Eco-Terrorist International Conspiracy (EMETIC) | 0001",1989-05-30,1989-05-30,1
"North America","Fred Hampton Unit of the People's Forces | 0001",1976-07-02,1976-07-02,1
"North America","Gulf Cartel | 0001",2008-09-15,2008-09-15,1
"North America","Gunmen | 0001",2001-02-14,2001-02-14,1
"North America","Hamas (Islamic Resistance Movement) | 0001",2004-04-05,2004-04-05,1
"North America","Hatikvah Leumi or National Hope | 0001",1980-12-10,1980-12-10,1
"North America","Knights Templar (Caballeros Templarios) | 0001",2012-05-31,2012-05-31,1
"North America","New World Liberation Front (NWLF) | 0001",1975-02-04,1975-02-04,1
"North America","New Year's Gang | 0001",1970-08-24,1970-08-24,1
"North America","Omega-7 | 0001",1979-11-25,1979-11-25,1
"North America","Organization of Volunteers for the Puerto Rican Revolution | 0001",1985-11-06,1985-11-06,1
"North America","Palestinians | 0001",1994-01-28,1994-01-28,1
"North America","Qaddaffis | 0001",1981-07-17,1981-07-17,1
"North America","Quartermoon Society | 0001",1970-10-08,1970-10-08,1
"North America","Revolutionary Communist Youth Brigade (RCYB) | 0001",1981-02-09,1981-02-09,1
"North America","Right-Wing Extremists | 0001",1970-05-28,1970-05-28,1
"North America","Rival peasant band | 0001",1996-01-31,1996-01-31,1
"North America","ROSADO-SOTO Command | 0001",1979-02-10,1979-02-10,1
"North America","Secret Organization Zero | 0001",1974-04-13,1974-04-13,1
"North America","Strikers | 0001",1970-02-09,1970-02-09,1
"North America","The Order II (Bruder Schweigen Strike Force II) | 0001",1986-03-06,1986-03-06,1
"North America","Welsh Extremists | 0001",1970-09-20,1970-09-20,1
"North America","Zapatista National Liberation Army | 0001",1994-01-01,1994-01-01,1
"North America","Zetas | 0001",2012-06-13,2012-06-13,1
"South America","Revolutionary Armed Forces of Colombia (FARC) | 0435",1977-09-19,2015-11-25,435
"South America","Shining Path (SL) | 0413",1980-07-28,2015-08-05,413
"South America","National Liberation Army of Colombia (ELN) | 0182",1975-03-12,2015-10-25,182
"South America","M-19 (Movement of April 19) | 0117",1978-01-25,1988-06-21,117
"South America","Popular Liberation Army (EPL) | 0045",1977-07-01,2002-05-14,45
"South America","Simon Bolivar Guerrilla Coordinating Board (CGSB) | 0040",1986-01-19,1992-10-25,40
"South America","Tupac Amaru Revolutionary Movement (MRTA) | 0035",1985-11-06,1995-12-01,35
"South America","Manuel Rodriguez Patriotic Front (FPMR) | 0031",1984-07-05,1992-10-28,31
"South America","Ricardo Franco Front (Dissident FARC) | 0023",1985-01-30,1988-12-16,23
"South America","Narco-Terrorists | 0020",1989-10-07,1992-01-10,20
"South America","Brunswijk Jungle Commando | 0014",1986-07-23,1990-07-21,14
"South America","Montoneros (Argentina) | 0014",1973-04-04,1979-12-08,14
"South America","Gunmen | 0012",2000-05-07,2003-04-19,12
"South America","Ejercito Revolucionaria del Pueblo (ERP) (Argentina) | 0008",1972-04-10,1975-07-01,8
"South America","Colombian Guerrillas | 0006",1987-01-26,1996-02-08,6
"South America","Left-Wing Guerrillas | 0006",1994-07-19,1996-09-05,6
"South America","Paramilitaries | 0005",1995-01-14,2001-01-01,5
"South America","Quintin Lame | 0005",1985-05-20,1987-05-24,5
"South America","Red Flag (Venezuela) | 0004",1982-01-22,1988-10-29,4
"South America","Peasant Self-Defense Group (ACCU) | 0003",1996-08-26,1996-10-16,3
"South America","People's Revolutionary Army (ERP) | 0003",2002-05-15,2005-02-28,3
"South America","United Self Defense Units of Colombia (AUC) | 0003",1999-06-06,2001-10-14,3
"South America","Alfaro Vive | 0002",1985-05-11,1986-11-10,2
"South America","America Battalion | 0002",1986-03-04,1986-05-13,2
"South America","Drug-Related Terrorists | 0002",1986-08-16,1995-03-13,2
"South America","Farmers | 0002",1997-01-13,1997-01-17,2
"South America","Landless Peasants' Movement (MST) | 0002",1997-08-18,1997-08-18,2
"South America","Right-Wing Extremists | 0002",1984-08-06,1984-08-10,2
"South America","Active Espirit de Corps of the Argentina Army | 0001",1987-03-21,1987-03-21,1
"South America","Albatros Commando | 0001",1994-08-16,1994-08-16,1
"South America","Argentine Anticommunist Alliance (AAA) | 0001",1976-08-20,1976-08-20,1
"South America","Argentine Liberation Front (FAL) | 0001",1970-04-05,1970-04-05,1
"South America","Black Liberation Force | 0001",1983-11-01,1983-11-01,1
"South America","Coca Farmers | 0001",1997-04-17,1997-04-17,1
"South America","Commandos | 0001",1980-06-02,1980-06-02,1
"South America","Core Conspirators for the Extension of Chaos (Núcleo de Conspiradores por la Extensión de Kaos) | 0001",2011-12-21,2011-12-21,1
"South America","Death Squad | 0001",1987-06-24,1987-06-24,1
"South America","Death to Drug Traffickers | 0001",1988-01-13,1988-01-13,1
"South America","Depositers angered | 0001",1994-10-06,1994-10-06,1
"South America","Ejercito Revolucionario Guevarista (Guevarist Revolutionary Army) | 0001",2000-07-27,2000-07-27,1
"South America","Extreme Left | 0001",1981-11-19,1981-11-19,1
"South America","Extremists | 0001",1980-09-20,1980-09-20,1
"South America","former ""comrades-in-arms"" | 0001",1986-01-11,1986-01-11,1
"South America","Human Rights Renewal Movement (Renovacion por los Derechos Humanos) | 0001",1999-06-26,1999-06-26,1
"South America","Kaingang Indians | 0001",1996-07-16,1996-07-16,1
"South America","Left-Wing Extremists | 0001",1999-06-03,1999-06-03,1
"South America","Left-Wing Terrorists | 0001",1980-08-05,1980-08-05,1
"South America","Movement of the Revolutionary Left (MIR) (Chile) | 0001",1981-10-16,1981-10-16,1
"South America","National Liberation Army (Peru) | 0001",1989-02-06,1989-02-06,1
"South America","Nestor Paz Zamora Commission (CNPZ) | 0001",1990-10-11,1990-10-11,1
"South America","Nicaraguan Democratic Force (FDN) | 0001",1987-04-30,1987-04-30,1
"South America","Patriotic Liberation Front (FPL) | 0001",1979-10-18,1979-10-18,1
"South America","Peasant protesters | 0001",1996-08-02,1996-08-02,1
"South America","People's Fatherland Movement | 0001",1992-03-29,1992-03-29,1
"South America","Popular Resistance Front (FPR) | 0001",1989-01-23,1989-01-23,1
"South America","Revolutionary Armed Forces- Argentina (FAR-A) | 0001",1971-04-29,1971-04-29,1
"South America","Rival Soccer Clubs | 0001",1994-11-20,1994-11-20,1
"South America","Self Defense Forces | 0001",1996-07-23,1996-07-23,1
"South America","September 11 Commandos | 0001",1990-09-04,1990-09-04,1
"South America","Spanish Basque Battalion (BBE) (rightist) | 0001",1980-11-15,1980-11-15,1
"South America","Students | 0001",1992-06-18,1992-06-18,1
"South America","Subversives | 0001",1987-01-19,1987-01-19,1
"South America","The Extraditables | 0001",1989-09-05,1989-09-05,1
"South America","Tupamaros (Uruguay) | 0001",1970-05-29,1970-05-29,1
"South America","United Popular Action Movement | 0001",1992-08-05,1992-08-05,1
"South America","White Mercenaries | 0001",1989-12-04,1989-12-04,1
"South Asia","Taliban | 0739",2001-09-26,2015-12-25,739
"South Asia","Liberation Tigers of Tamil Eelam (LTTE) | 0519",1985-06-12,2009-05-15,519
"South Asia","Tehrik-i-Taliban Pakistan (TTP) | 0162",2008-01-01,2015-12-11,162
"South Asia","Maoists | 0063",2001-02-27,2015-12-02,63
"South Asia","People's Liberation Front (JVP) | 0056",1988-01-13,1990-02-04,56
"South Asia","Communist Party of India - Maoist (CPI-Maoist) | 0054",2005-09-04,2015-08-30,54
"South Asia","Tamils | 0053",1984-04-09,2000-01-01,53
"South Asia","Baloch Liberation Front (BLF) | 0052",2012-01-11,2015-12-29,52
"South Asia","Baloch Republican Army (BRA) | 0039",2012-01-01,2015-10-17,39
"South Asia","Hizbul Mujahideen (HM) | 0035",1990-11-07,2015-10-22,35
"South Asia","People's Liberation Army (India) | 0035",1984-03-15,2015-10-26,35
"South Asia","Lashkar-e-Taiba (LeT) | 0031",1999-04-01,2015-11-17,31
"South Asia","Baloch Liberation Army (BLA) | 0028",2005-08-22,2015-12-22,28
"South Asia","Muttahida Qami Movement (MQM) | 0026",1994-09-08,1995-10-06,26
"South Asia","Lashkar-e-Islam (Pakistan) | 0025",2010-01-08,2015-03-28,25
"South Asia","United Liberation Front of Assam (ULFA) | 0022",1996-08-18,2014-09-19,22
"South Asia","Kashmiri Militants | 0021",1990-05-04,1996-12-01,21
"South Asia","Sikh Extremists | 0021",1984-04-14,1992-09-24,21
"South Asia","National Socialist Council of Nagaland-Khaplang (NSCN-K) | 0020",2008-04-11,2015-09-02,20
"South Asia","Gunmen | 0015",1995-06-02,2011-11-27,15
"South Asia","Khorasan Chapter of the Islamic State | 0015",2015-04-04,2015-12-13,15
"South Asia","Separatists | 0015",1984-11-18,2014-01-18,15
"South Asia","United National Liberation Front (UNLF) | 0014",2003-11-05,2015-11-17,14
"South Asia","Shanti Bahini - Peace Force | 0013",1989-06-22,1996-05-19,13
"South Asia","Bangladesh Nationalist Party (BNP) | 0012",1991-07-03,2013-04-13,12
"South Asia","Haqqani Network | 0012",2009-06-30,2014-04-28,12
"South Asia","Muslim Militants | 0012",1989-04-16,1995-06-12,12
"South Asia","Halqa-e-Mehsud | 0011",2015-05-03,2015-11-22,11
"South Asia","Hizb-I-Islami | 0011",1991-09-30,2015-04-08,11
"South Asia","Mujahideen Ansar | 0011",2013-01-13,2014-11-11,11
"South Asia","National Democratic Front of Bodoland (NDFB) | 0010",1999-08-11,2014-10-09,10
"South Asia","Lashkar-e-Balochistan | 0009",2014-02-07,2015-11-06,9
"South Asia","National Socialist Council of Nagaland-Isak-Muivah (NSCN-IM) | 0009",2008-06-26,2012-11-21,9
"South Asia","National Liberation Front of Tripura (NLFT) | 0008",1996-04-03,2014-10-23,8
"South Asia","Al-Qaida | 0007",2002-12-17,2008-02-01,7
"South Asia","Garo National Liberation Army | 0007",2010-11-17,2015-03-31,7
"South Asia","National Socialist Council of Nagaland | 0007",1988-04-19,1997-07-22,7
"South Asia","Taliban (Pakistan) | 0007",2006-05-01,2007-11-15,7
"South Asia","Eelam People's Revolutionary Liberation Front (EPRLF) | 0006",1986-03-17,1989-11-21,6
"South Asia","Jaish-e-Mohammad (JeM) | 0006",2001-07-21,2015-11-25,6
"South Asia","Janatantrik Terai Mukti Morcha- Jwala Singh (JTMM-J) | 0006",2007-04-19,2010-04-06,6
"South Asia","People's War Group (PWG) | 0006",1998-08-09,2004-10-14,6
"South Asia","Purbo Banglar Communist Party | 0006",1995-10-04,2011-05-02,6
"South Asia","Rival Activists | 0006",1995-09-15,1996-05-07,6
"South Asia","Coordination Committee (CORCOM) | 0005",2013-01-25,2014-01-26,5
"South Asia","Jamaat-E-Islami (Bangladesh) | 0005",1992-05-08,2014-04-04,5
"South Asia","Militants | 0005",2011-11-14,2011-11-18,5
"South Asia","Muslim Separatists | 0005",1994-12-24,1995-09-14,5
"South Asia","Al-Mansoorian | 0004",2002-08-06,2005-07-29,4
"South Asia","Awami League | 0004",1991-12-06,2015-02-19,4
"South Asia","Communist Party of Nepal- Maoist (CPN-M) | 0004",2001-11-23,2008-04-05,4
"South Asia","Jamaat-ul-Ahrar | 0004",2014-08-28,2015-01-04,4
"South Asia","Jammu and Kashmir Liberation Front | 0004",1990-06-29,1994-04-14,4
"South Asia","Marxists | 0004",1985-10-31,1986-01-12,4
"South Asia","People's Liberation Front of India | 0004",2010-05-02,2014-03-08,4
"South Asia","The Northern Alliance (or United Islamic Front for Salvation of Afghanistan – UIFSA) | 0004",1999-07-23,1999-07-29,4
"South Asia","United Baloch Army (UBA) | 0004",2013-06-03,2015-03-01,4
"South Asia","Zeliangrong United Front | 0004",2011-10-07,2015-03-10,4
"South Asia","Afghan Mujahideen | 0003",1991-07-29,1992-07-30,3
"South Asia","Anti-Communist Vigilante Group | 0003",1989-09-14,1989-09-14,3
"South Asia","Bodo Militants | 0003",1995-10-31,1996-03-11,3
"South Asia","Dima Halao Daoga (DHD) | 0003",2007-09-26,2008-08-17,3
"South Asia","Kangleipak Communist Party (KCP) | 0003",2009-04-03,2011-08-28,3
"South Asia","Naga People | 0003",1990-11-02,1997-10-30,3
"South Asia","Tehrik-e-Nafaz-e-Shariat-e-Mohammadi (TNSM) | 0003",2007-11-06,2012-07-01,3
"South Asia","Abdullah Azzam Brigades | 0002",2014-01-16,2014-04-18,2
"South Asia","Al-Shuda Brigade | 0002",2003-07-22,2013-09-26,2
"South Asia","Bahujan Samaj Party | 0002",1996-10-03,1996-10-03,2
"South Asia","Baloch National Liberation Front | 0002",2013-12-10,2015-05-29,2
"South Asia","Baloch Nationalists | 0002",2014-04-04,2015-04-12,2
"South Asia","Black Widows | 0002",2008-10-30,2009-05-13,2
"South Asia","Brelvi Muslims | 0002",1997-10-20,1997-10-21,2
"South Asia","Communist Party of India- Marxist | 0002",2012-06-05,2012-06-07,2
"South Asia","Communist Party of Nepal- Unified Marxist-Leninist (CPN-UML) | 0002",1997-06-09,2008-11-20,2
"South Asia","Dacoits | 0002",1991-03-17,1991-10-10,2
"South Asia","Gono Bahini (GB) | 0002",2009-06-28,2009-08-10,2
"South Asia","Hezb-e Wahdat-e Islami-yi Afghanistan | 0002",1992-06-02,1992-09-18,2
"South Asia","Insurgents | 0002",2011-11-06,2011-11-14,2
"South Asia","Jamiat-e Islami-yi Afghanistan | 0002",1992-01-21,1992-01-22,2
"South Asia","Jamiat ul-Mujahedin (JuM) | 0002",2002-11-23,2013-03-21,2
"South Asia","Janatantrik Terai Mukti Morcha (JTMM) | 0002",2006-07-05,2006-07-28,2
"South Asia","Karbi Longri North Cachar Liberation Front (KLNLF) | 0002",2006-04-10,2006-04-10,2
"South Asia","Khalistan Commando Force | 0002",1988-03-23,1989-01-12,2
"South Asia","Maoist Communist Center (MCC) | 0002",1997-09-07,2003-07-03,2
"South Asia","Mohajir National Movement | 0002",1994-04-22,1995-08-02,2
"South Asia","Muslim Janbaz Force | 0002",1990-06-19,1990-06-19,2
"South Asia","People's Liberation Organization of Tamil Eelam | 0002",1989-11-07,1999-05-15,2
"South Asia","People's Revolutionary Party of Kangleipak-Progressive (PREPAK-P) | 0002",2015-01-11,2015-01-18,2
"South Asia","Rival caste | 0002",1996-04-07,1996-04-07,2
"South Asia","Shiite Muslims | 0002",1995-01-12,1996-09-10,2
"South Asia","Tamil Eelam Liberation Organization (TELO) | 0002",1986-03-11,1989-11-25,2
"South Asia","Tribal Group | 0002",1995-02-19,1995-03-02,2
"South Asia","Vigilante Group | 0002",1989-10-03,1989-12-09,2
"South Asia","Abu Nidal Organization (ANO) | 0001",1978-08-05,1978-08-05,1
"South Asia","Achik National Volunteer Council-B (ANVC-B) | 0001",2013-11-08,2013-11-08,1
"South Asia","Achik Songna An'pachakgipa Kotok (ASAK) | 0001",2015-08-01,2015-08-01,1
"South Asia","Afghan Merceneries | 0001",1995-02-21,1995-02-21,1
"South Asia","Afghan Rebels | 0001",1988-03-27,1988-03-27,1
"South Asia","Akhilesh Singh Gang | 0001",2000-10-01,2000-10-01,1
"South Asia","Al-Nasirin (India) | 0001",2002-12-12,2002-12-12,1
"South Asia","Al-Zulfikar | 0001",1992-05-09,1992-05-09,1
"South Asia","All-Party Students Union | 0001",1995-04-10,1995-04-10,1
"South Asia","Amr Bil Maroof Wa Nahi Anil Munkir | 0001",2010-12-26,2010-12-26,1
"South Asia","Anti-Immigrant Activists | 0001",1981-01-28,1981-01-28,1
"South Asia","Arakan Liberation Party (ALP) | 0001",2015-10-18,2015-10-18,1
"South Asia","Babbar Khalsa International (BKI) | 0001",1992-08-03,1992-08-03,1
"South Asia","Baloch Republican Guards (BRG) | 0001",2014-09-16,2014-09-16,1
"South Asia","Baloch Waja Liberation Army (BWLA) | 0001",2014-03-06,2014-03-06,1
"South Asia","Baloch Young Tigers (BYT) | 0001",2015-11-17,2015-11-17,1
"South Asia","Bandits | 0001",2002-08-25,2002-08-25,1
"South Asia","Bangladesh Communist Party | 0001",1991-07-07,1991-07-07,1
"South Asia","Bangladesh Sarbahara Party | 0001",1992-12-18,1992-12-18,1
"South Asia","Bodo Liberation Tigers (BLT) | 0001",2003-01-28,2003-01-28,1
"South Asia","Chakma tribal group | 0001",2001-02-16,2001-02-16,1
"South Asia","Citizens Volunteer Force | 0001",1989-11-21,1989-11-21,1
"South Asia","Colonel Karuna Faction | 0001",2006-04-10,2006-04-10,1
"South Asia","Communist Party of India- Marxist-Leninist | 0001",1999-09-25,1999-09-25,1
"South Asia","Communists | 0001",1994-08-01,1994-08-01,1
"South Asia","Extremists | 0001",1983-09-23,1983-09-23,1
"South Asia","Former Student Hostel | 0001",1995-10-25,1995-10-25,1
"South Asia","Gurkha National Liberation Front (GNLF) | 0001",1988-02-22,1988-02-22,1
"South Asia","Hafiz Gul Bahadur Group | 0001",2014-11-15,2014-11-15,1
"South Asia","Iranian dissident group | 0001",1986-12-29,1986-12-29,1
"South Asia","Islamic Fateh | 0001",2003-01-20,2003-01-20,1
"South Asia","Janatantrik Terai Madhesh Mukti Morcha (JTMMM) | 0001",2011-09-05,2011-09-05,1
"South Asia","Janatantrik Terai Mukti Morcha- Rajan Mukti (JTMM-R) | 0001",2008-10-13,2008-10-13,1
"South Asia","Jharkhand Liberation Tigers (JLT) | 0001",2011-01-30,2011-01-30,1
"South Asia","Jundallah | 0001",2012-11-18,2012-11-18,1
"South Asia","Kanglei Yawol Kanna Lup (KYKL) | 0001",2003-02-10,2003-02-10,1
"South Asia","Karbi People's Liberation Tigers (KPLT) | 0001",2011-08-14,2011-08-14,1
"South Asia","Kashmiri Hezbollah | 0001",1992-04-09,1992-04-09,1
"South Asia","Kuki Revolutionary Army (KRA) | 0001",2002-05-27,2002-05-27,1
"South Asia","Kuki tribesmen | 0001",1997-10-29,1997-10-29,1
"South Asia","Lashkar-e-Jhangvi | 0001",2015-12-01,2015-12-01,1
"South Asia","Madhesi People’s Rights Forum (MPRF) | 0001",2011-04-18,2011-04-18,1
"South Asia","Mahaz-e-Milli Islami Afghanistan | 0001",1991-09-23,1991-09-23,1
"South Asia","Mahsud Tribe | 0001",2005-03-01,2005-03-01,1
"South Asia","Majlis-e-Askari | 0001",2015-10-27,2015-10-27,1
"South Asia","Manipur Naga People's Army (MNPA) | 0001",2014-01-04,2014-01-04,1
"South Asia","Miscreants | 0001",2011-11-06,2011-11-06,1
"South Asia","Muslim Fundamentalists | 0001",2007-09-07,2007-09-07,1
"South Asia","Naga National Council (NNC) | 0001",2011-06-04,2011-06-04,1
"South Asia","Naxalites | 0001",1982-06-04,1982-06-04,1
"South Asia","Nepali Congress Party (NC) | 0001",1997-06-10,1997-06-10,1
"South Asia","Opposition Militants | 0001",1996-04-09,1996-04-09,1
"South Asia","Pakistani People's Party (PPP) | 0001",1990-03-14,1990-03-14,1
"South Asia","Panthic Committee | 0001",1991-02-12,1991-02-12,1
"South Asia","Parbatya Chattagram Jana Sanghati Samity (PCJSS) - Bangladesh | 0001",2009-09-02,2009-09-02,1
"South Asia","People's Amn Committee | 0001",2013-06-05,2013-06-05,1
"South Asia","People's Revolutionary Party of Kangleipak (PREPAK) | 0001",2012-01-16,2012-01-16,1
"South Asia","Pro Hartal Activists | 0001",2015-02-26,2015-02-26,1
"South Asia","Rashtriya Swayamsevak Sangh | 0001",2013-04-06,2013-04-06,1
"South Asia","Revolutionary Eelam Organization (EROS) | 0001",1988-04-18,1988-04-18,1
"South Asia","Rival Bangledesh Chhatra League Faction | 0001",1995-06-28,1995-06-28,1
"South Asia","Rival Party Members | 0001",1994-11-15,1994-11-15,1
"South Asia","Saif-ul-Muslimeen | 0001",2003-03-29,2003-03-29,1
"South Asia","Sanghiya Limbuwan Committee (SLC) | 0001",2011-05-11,2011-05-11,1
"South Asia","Save Kashmir Movement | 0001",2002-12-20,2002-12-20,1
"South Asia","Secessionists | 0001",1982-02-19,1982-02-19,1
"South Asia","Servants of Islam Organization | 0001",1992-07-19,1992-07-19,1
"South Asia","Sipah-e-Sahaba/Pakistan (SSP) | 0001",1994-12-13,1994-12-13,1
"South Asia","Students Islamic Movement of India (SIMI) | 0001",2014-12-06,2014-12-06,1
"South Asia","Sunni Muslims | 0001",1996-09-12,1996-09-12,1
"South Asia","Tanzeem Ittehad - I - Ulema Qabail (Tiuq)Tribesmen | 0001",1995-08-12,1995-08-12,1
"South Asia","Tehrik-e-Khilafat | 0001",2014-02-14,2014-02-14,1
"South Asia","Tehrik al-Mojahedin | 0001",2015-10-14,2015-10-14,1
"South Asia","Terai Army | 0001",2008-05-14,2008-05-14,1
"South Asia","Tribal guerrillas | 0001",1997-04-30,1997-04-30,1
"South Asia","Tribesmen | 0001",2014-11-17,2014-11-17,1
"South Asia","Tripura National Volunteers (TNV) | 0001",1984-02-01,1984-02-01,1
"South Asia","Tritiya Prastuti Committee (India) | 0001",2010-02-10,2010-02-10,1
"South Asia","United Democratic Liberation Army (UDLA) | 0001",2011-09-05,2011-09-05,1
"South Asia","United Kuki Liberation Front (UKLF) - India | 0001",2010-11-24,2010-11-24,1
"South Asia","United National Liberation Front of WESEA (UNLFW) | 0001",2015-05-03,2015-05-03,1
"South Asia","United Students Forum | 0001",1994-07-26,1994-07-26,1
"South Asia","Vishwa Hindu Parishad (VHP) | 0001",2001-08-06,2001-08-06,1
"South Asia","Youths | 0001",2002-10-04,2002-10-04,1
"South Asia","Zomi Revolutionary Army (ZRA) | 0001",2014-03-29,2014-03-29,1
"Southeast Asia","New People's Army (NPA) | 0733",1970-01-31,2015-12-23,733
"Southeast Asia","Bangsamoro Islamic Freedom Movement (BIFM) | 0120",2012-08-05,2015-12-31,120
"Southeast Asia","Abu Sayyaf Group (ASG) | 0053",1994-11-27,2015-12-28,53
"Southeast Asia","Separatists | 0045",2012-01-08,2015-11-30,45
"Southeast Asia","Moro Islamic Liberation Front (MILF) | 0042",1995-09-20,2014-07-11,42
"Southeast Asia","Moro National Liberation Front (MNLF) | 0030",1978-08-22,2013-09-11,30
"Southeast Asia","Khmer Rouge | 0012",1978-08-30,1999-03-07,12
"Southeast Asia","Free Aceh Movement (GAM) | 0011",1989-09-26,2003-05-01,11
"Southeast Asia","Runda Kumpulan Kecil (RKK) | 0011",2012-01-15,2015-10-30,11
"Southeast Asia","Thai Islamic Militants | 0011",2005-05-04,2006-05-02,11
"Southeast Asia","Communists | 0010",1978-09-30,1985-05-05,10
"Southeast Asia","Shan State Progressive Party | 0010",1979-01-03,1979-03-20,10
"Southeast Asia","Democratic Karen Buddhist Army (DKBA) | 0007",1995-02-13,2014-09-27,7
"Southeast Asia","Free Papua Movement (OPM-Organisasi Papua Merdeka) | 0007",2006-04-10,2014-08-01,7
"Southeast Asia","People's Army (Myanmar) | 0006",1979-01-02,1979-02-08,6
"Southeast Asia","Revolutionary Front for an Independent East Timor (FRETILIN) | 0005",1989-01-01,1997-09-18,5
"Southeast Asia","Karen National Union | 0004",1994-07-18,1995-07-12,4
"Southeast Asia","Muslim Rebels | 0004",1992-10-09,2002-12-26,4
"Southeast Asia","National Democratic Alliance Army (NDAA-ESSA) | 0004",2015-02-09,2015-02-09,4
"Southeast Asia","Karen Insurgents | 0003",1991-10-23,1994-10-12,3
"Southeast Asia","Kilafah Islamic Movement | 0003",2012-08-08,2015-12-29,3
"Southeast Asia","Muslim Fundamentalists | 0003",2012-01-03,2015-04-17,3
"Southeast Asia","Armed Forces for Liberation of East Timor (FALINTIL) | 0002",1992-12-09,1995-12-01,2
"Southeast Asia","Besi Merah Putih Militia | 0002",1999-05-10,1999-05-10,2
"Southeast Asia","Jemaah Islamiya (JI) | 0002",2000-08-01,2013-04-09,2
"Southeast Asia","Kachin Independence Army (KIA) | 0002",1988-12-07,1992-04-03,2
"Southeast Asia","Moro Ghuraba | 0002",2013-09-27,2015-06-17,2
"Southeast Asia","Mujahidin Indonesia Timur (MIT) | 0002",2013-09-10,2015-11-29,2
"Southeast Asia","Muslims | 0002",1981-01-29,1989-01-05,2
"Southeast Asia","Al-Khobar | 0001",2012-02-06,2012-02-06,1
"Southeast Asia","Ansar Al-Khilafa (Philippines) | 0001",2015-11-26,2015-11-26,1
"Southeast Asia","April 6th Liberation Movement | 0001",1980-08-30,1980-08-30,1
"Southeast Asia","Arakan Rohingy Islamic Front | 0001",1991-11-10,1991-11-10,1
"Southeast Asia","Black Forest Command | 0001",1989-09-09,1989-09-09,1
"Southeast Asia","Cambodian Freedom Fighters (CFF) | 0001",2000-11-24,2000-11-24,1
"Southeast Asia","Cambodian People's Party (CPP) | 0001",1997-02-07,1997-02-07,1
"Southeast Asia","Communist Party of Thailand | 0001",1979-02-15,1979-02-15,1
"Southeast Asia","God's Army | 0001",2000-12-31,2000-12-31,1
"Southeast Asia","God our Father Cult | 0001",1990-03-23,1990-03-23,1
"Southeast Asia","Gunmen | 0001",2001-02-06,2001-02-06,1
"Southeast Asia","Jihad Brigades | 0001",1987-04-27,1987-04-27,1
"Southeast Asia","Kachin Insurgents | 0001",1989-03-04,1989-03-04,1
"Southeast Asia","Kampuchean Peoples National Liberation Army | 0001",1989-03-25,1989-03-25,1
"Southeast Asia","Khmer Bandits | 0001",1992-08-18,1992-08-18,1
"Southeast Asia","Khmer Serei Guerrillas | 0001",1980-03-27,1980-03-27,1
"Southeast Asia","Mahidi | 0001",1999-07-15,1999-07-15,1
"Southeast Asia","Malaysian Communist Party | 0001",1988-02-22,1988-02-22,1
"Southeast Asia","Militants | 0001",2011-11-24,2011-11-24,1
"Southeast Asia","Muslim Extremists | 0001",2002-06-09,2002-06-09,1
"Southeast Asia","Muslim Militants | 0001",1991-09-27,1991-09-27,1
"Southeast Asia","Muslim Separatists | 0001",1992-05-24,1992-05-24,1
"Southeast Asia","National Council of Maubere Resistance | 0001",1996-01-09,1996-01-09,1
"Southeast Asia","National Democratic Front-Bicol (NDF-Bicol) | 0001",2014-11-14,2014-11-14,1
"Southeast Asia","People's Sovereignty Party (PDR) | 0001",1999-05-28,1999-05-28,1
"Southeast Asia","Rebels | 0001",2011-11-03,2011-11-03,1
"Southeast Asia","Reform of the Armed Forces Movement | 0001",1990-12-21,1990-12-21,1
"Southeast Asia","Rohingya Solidarity Organization | 0001",2012-11-05,2012-11-05,1
"Southeast Asia","Shan State Army - North (SSA-N) | 0001",2015-11-09,2015-11-09,1
"Southeast Asia","Ta'ang National Liberation Army (TNLA) | 0001",2014-12-10,2014-12-10,1
"Southeast Asia","Tulawie Clan | 0001",1995-05-08,1995-05-08,1
"Southeast Asia","United Front for Democracy Against Dictatorship | 0001",2014-04-01,2014-04-01,1
"Southeast Asia","West Indonesia Mujahideen | 0001",2015-03-23,2015-03-23,1
"Sub-Saharan Africa","Al-Shabaab | 0767",2007-11-02,2015-12-29,767
"Sub-Saharan Africa","Boko Haram | 0139",2011-05-30,2015-12-17,139
"Sub-Saharan Africa","African National Congress (South Africa) | 0076",1981-05-27,1994-11-20,76
"Sub-Saharan Africa","National Union for the Total Independence of Angola (UNITA) | 0048",1983-02-01,2001-04-09,48
"Sub-Saharan Africa","Mozambique National Resistance Movement (MNR) | 0031",1987-06-25,2015-12-25,31
"Sub-Saharan Africa","Lord's Resistance Army (LRA) | 0023",1995-04-25,2015-10-09,23
"Sub-Saharan Africa","Inkatha Freedom Party (IFP) | 0020",1992-03-13,1996-03-27,20
"Sub-Saharan Africa","Movement of Democratic Forces of Casamance | 0018",1990-07-23,2015-10-30,18
"Sub-Saharan Africa","Sudan People's Liberation Movement in Opposition (SPLM-IO) | 0018",2014-02-23,2015-09-13,18
"Sub-Saharan Africa","Hutus | 0017",1992-03-05,1999-06-26,17
"Sub-Saharan Africa","Movement for Oneness and Jihad in West Africa (MUJAO) | 0017",2013-01-30,2014-03-09,17
"Sub-Saharan Africa","Allied Democratic Forces (ADF) | 0015",1997-07-04,2015-12-27,15
"Sub-Saharan Africa","Fulani Militants | 0014",2013-03-17,2015-05-06,14
"Sub-Saharan Africa","Sudan People's Liberation Movement - North | 0013",2012-10-08,2015-06-02,13
"Sub-Saharan Africa","Revolutionary United Front (RUF) | 0011",1994-04-01,2000-06-12,11
"Sub-Saharan Africa","Tuaregs | 0010",1991-11-09,2014-11-02,10
"Sub-Saharan Africa","Al-Qaida in the Islamic Maghreb (AQIM) | 0009",2008-09-15,2015-08-03,9
"Sub-Saharan Africa","South-West Africa People's Organization (SWAPO) | 0008",1979-02-27,1988-09-09,8
"Sub-Saharan Africa","Gunmen | 0007",2000-08-29,2011-11-28,7
"Sub-Saharan Africa","Hizbul al Islam (Somalia) | 0007",2010-07-05,2010-12-13,7
"Sub-Saharan Africa","Sudan People's Liberation Army (SPLA) | 0007",1988-02-12,2011-01-08,7
"Sub-Saharan Africa","Democratic Front for the Liberation of Rwanda (FDLR) | 0006",2015-04-06,2015-09-24,6
"Sub-Saharan Africa","Liberation and Justice Movement (LJM) | 0006",2014-01-13,2014-11-23,6
"Sub-Saharan Africa","Movement for the Emancipation of the Niger Delta (MEND) | 0006",2007-01-10,2013-11-13,6
"Sub-Saharan Africa","Mujahideen Youth Movement (MYM) | 0006",2007-06-01,2008-05-07,6
"Sub-Saharan Africa","Muslim Fundamentalists | 0006",2014-01-04,2015-08-08,6
"Sub-Saharan Africa","Rahanwein Resistance Army (RRA) | 0006",1997-08-14,1997-12-29,6
"Sub-Saharan Africa","Ansar al-Dine (Mali) | 0005",2015-06-27,2015-12-25,5
"Sub-Saharan Africa","Gbagbo Loyalists | 0005",2012-08-05,2012-08-13,5
"Sub-Saharan Africa","Ahlu-sunah Wal-jamea (Somalia) | 0004",2008-12-23,2015-07-19,4
"Sub-Saharan Africa","Azawad National Liberation Movement (MNLA) | 0004",2013-09-29,2015-05-11,4
"Sub-Saharan Africa","Janjaweed | 0004",2004-04-16,2015-07-30,4
"Sub-Saharan Africa","Mayi Mayi | 0004",2008-11-04,2013-10-29,4
"Sub-Saharan Africa","Modakeke Ethnics | 0004",1997-08-20,1997-08-20,4
"Sub-Saharan Africa","National Council for Defense of Democracy (NCDD) | 0004",1999-10-12,2003-07-17,4
"Sub-Saharan Africa","National Liberation Front (FNL) (Burundi) | 0004",2014-02-02,2014-10-05,4
"Sub-Saharan Africa","National Patriotic Front of Liberia (NPFL) | 0004",1991-04-16,1994-06-21,4
"Sub-Saharan Africa","Popular Movement for the Liberation of Angola | 0004",1992-07-12,1992-10-28,4
"Sub-Saharan Africa","Seleka | 0004",2013-11-16,2014-08-04,4
"Sub-Saharan Africa","Tuareg Guerrillas | 0004",1991-12-12,2007-05-12,4
"Sub-Saharan Africa","Tutsi | 0004",1991-11-26,2001-07-22,4
"Sub-Saharan Africa","Anti-Balaka Militia | 0003",2013-12-31,2014-07-30,3
"Sub-Saharan Africa","Coordination of Azawad Movements (CMA) | 0003",2015-05-02,2015-05-22,3
"Sub-Saharan Africa","Eritrean Liberation Front | 0003",1970-01-11,1978-10-26,3
"Sub-Saharan Africa","Front for the Liberation of the Enclave of Cabinda (FLEC) | 0003",1995-03-18,2000-05-24,3
"Sub-Saharan Africa","Front for the Restoration of Unity and Democracy | 0003",1992-01-17,1992-02-24,3
"Sub-Saharan Africa","Islamic Courts Union (ICU) | 0003",2005-10-17,2008-03-19,3
"Sub-Saharan Africa","Macina Liberation Front (FLM) | 0003",2015-08-10,2015-12-09,3
"Sub-Saharan Africa","National Alliance (Chad) | 0003",2008-06-14,2008-06-16,3
"Sub-Saharan Africa","Party for the Liberation of the Hutu People (PALIPEHUTU) | 0003",1992-04-08,2002-11-19,3
"Sub-Saharan Africa","Self-Defense Group of Imghad Tuaregs and Allies (GATIA) | 0003",2015-01-28,2015-05-21,3
"Sub-Saharan Africa","Sudan Alliance Forces | 0003",1996-04-20,1996-11-14,3
"Sub-Saharan Africa","Sudan Liberation Movement | 0003",2008-11-27,2015-06-16,3
"Sub-Saharan Africa","Zimbabwe African Nationalist Union (ZANU) | 0003",1979-04-01,2013-02-23,3
"Sub-Saharan Africa","Al-Mua'qi'oon Biddam Brigade (Those who Sign with Blood) | 0002",2014-07-14,2015-01-26,2
"Sub-Saharan Africa","Alliance of Patriots for a Free and Sovereign Congo (APCLS) | 0002",2014-04-30,2015-09-24,2
"Sub-Saharan Africa","Arab Movement of Azawad (MAA) | 0002",2014-12-15,2015-05-18,2
"Sub-Saharan Africa","Black Nationalists | 0002",1979-02-08,1985-12-12,2
"Sub-Saharan Africa","Congolese Democratic Coalition | 0002",1998-10-11,1998-10-11,2
"Sub-Saharan Africa","Convention of Patriots for Justice and Peace | 0002",2011-04-10,2013-02-28,2
"Sub-Saharan Africa","David Yau Yau Militia | 0002",2012-08-23,2013-02-08,2
"Sub-Saharan Africa","Holy Spirit Movement | 0002",1988-02-23,1990-05-11,2
"Sub-Saharan Africa","M23 | 0002",2012-11-15,2013-05-20,2
"Sub-Saharan Africa","Modakeke Ethnic Activists | 0002",1997-12-02,1997-12-06,2
"Sub-Saharan Africa","Movement for Democracy and Justice in Chad (MDJT) | 0002",1999-07-12,2002-05-27,2
"Sub-Saharan Africa","Ninjas | 0002",1999-06-03,1999-06-21,2
"Sub-Saharan Africa","Patriotic Ginbot 7 Movement for Unity and Democracy (PGMUD) | 0002",2015-12-15,2015-12-17,2
"Sub-Saharan Africa","People Against Gangsterism and Drugs (PAGAD) | 0002",1999-04-07,2013-07-24,2
"Sub-Saharan Africa","Revolutionary Movement for National Salvation (REMNASA) | 0002",2015-01-27,2015-05-28,2
"Sub-Saharan Africa","Rwanda Patriotic Front (RPF) | 0002",1992-03-12,1994-10-24,2
"Sub-Saharan Africa","Separatists | 0002",1990-07-30,2012-03-11,2
"Sub-Saharan Africa","South Sudan Democratic Army | 0002",2012-04-27,2015-02-16,2
"Sub-Saharan Africa","Sudanese People's Liberation Forces | 0002",1988-02-18,1989-04-18,2
"Sub-Saharan Africa","The Front for the Liberation of the Cabinda Enclave – Renewed (FLEC) | 0002",1999-03-10,2002-01-31,2
"Sub-Saharan Africa","Togolese Dissidents | 0002",1994-01-05,1994-10-06,2
"Sub-Saharan Africa","Tribesmen | 0002",2014-05-24,2014-10-16,2
"Sub-Saharan Africa","United Somali Congress | 0002",1990-07-28,1990-12-16,2
"Sub-Saharan Africa","28s | 0001",2000-01-12,2000-01-12,1
"Sub-Saharan Africa","Angolan Defense Force | 0001",1985-06-29,1985-06-29,1
"Sub-Saharan Africa","Ansaru (Jama'atu Ansarul Muslimina Fi Biladis Sudan) | 0001",2013-01-19,2013-01-19,1
"Sub-Saharan Africa","Anti-Government Demonstrators | 0001",1991-10-24,1991-10-24,1
"Sub-Saharan Africa","Armed Forces for a Federal Republic (FARF) | 0001",1995-07-21,1995-07-21,1
"Sub-Saharan Africa","Armed Subversives | 0001",1979-07-27,1979-07-27,1
"Sub-Saharan Africa","Bandits | 0001",2000-09-04,2000-09-04,1
"Sub-Saharan Africa","Bedouin Movement (Sudan) | 0001",2013-01-21,2013-01-21,1
"Sub-Saharan Africa","Beja Congress | 0001",1996-10-03,1996-10-03,1
"Sub-Saharan Africa","Black African Vigilantes | 0001",1994-10-24,1994-10-24,1
"Sub-Saharan Africa","Committee for a National Drive for Peace and Democracy | 0001",1992-08-17,1992-08-17,1
"Sub-Saharan Africa","Coup Plotters Against the Government | 0001",1991-10-13,1991-10-13,1
"Sub-Saharan Africa","Democratic Movement for the Liberation of the Eritrean Kunamas (DMLEK) | 0001",2007-11-05,2007-11-05,1
"Sub-Saharan Africa","Enyele Militia | 0001",2014-07-22,2014-07-22,1
"Sub-Saharan Africa","Ethiopian People's Revolutionary Party | 0001",1992-04-04,1992-04-04,1
"Sub-Saharan Africa","Federation of Students and Scholars of Cote d'Ivoire (FESCI) | 0001",2000-09-29,2000-09-29,1
"Sub-Saharan Africa","Ganda Koi | 0001",1994-07-30,1994-07-30,1
"Sub-Saharan Africa","Guerrillas | 0001",1981-03-16,1981-03-16,1
"Sub-Saharan Africa","Gugama Youth Federation | 0001",2006-05-11,2006-05-11,1
"Sub-Saharan Africa","Gun runners | 0001",1996-05-09,1996-05-09,1
"Sub-Saharan Africa","Hamza Combat Group against Atheism and Heresy | 0001",2014-07-20,2014-07-20,1
"Sub-Saharan Africa","Ijaw militants | 0001",2005-06-15,2005-06-15,1
"Sub-Saharan Africa","Islamic Movement (Nigeria) | 0001",2015-12-12,2015-12-12,1
"Sub-Saharan Africa","Islamic Tendency | 0001",2006-07-04,2006-07-04,1
"Sub-Saharan Africa","Itsekiri | 0001",2004-04-22,2004-04-22,1
"Sub-Saharan Africa","Justice and Equality Movement (JEM) | 0001",2012-11-09,2012-11-09,1
"Sub-Saharan Africa","Kenya African National Union (KANU) | 0001",1995-08-10,1995-08-10,1
"Sub-Saharan Africa","Kisii Activists | 0001",1997-12-19,1997-12-19,1
"Sub-Saharan Africa","Lesotho Liberation Army (LLA) | 0001",1983-07-06,1983-07-06,1
"Sub-Saharan Africa","Liberation War Veterans Association | 0001",2001-03-01,2001-03-01,1
"Sub-Saharan Africa","Mai Mai Bakata Katanga Militia | 0001",2014-10-04,2014-10-04,1
"Sub-Saharan Africa","Mai Mai Simba Militia | 0001",2012-05-04,2012-05-04,1
"Sub-Saharan Africa","Mandela Soccer Club | 0001",1989-02-23,1989-02-23,1
"Sub-Saharan Africa","Marhan Clan | 0001",2001-01-28,2001-01-28,1
"Sub-Saharan Africa","Militia Members | 0001",2003-05-01,2003-05-01,1
"Sub-Saharan Africa","Misseriya Arab Tribesmen | 0001",2015-03-02,2015-03-02,1
"Sub-Saharan Africa","Mombasa Republican Council (MRC) | 0001",2014-11-02,2014-11-02,1
"Sub-Saharan Africa","Movement for Democratic Change (MDC) | 0001",2002-06-08,2002-06-08,1
"Sub-Saharan Africa","Movement of Niger People for Justice (MNJ) | 0001",2007-08-21,2007-08-21,1
"Sub-Saharan Africa","Mozambique Liberation Front (FRELIMO) | 0001",1992-04-03,1992-04-03,1
"Sub-Saharan Africa","National Democratic Alliance of Sudan | 0001",1999-03-31,1999-03-31,1
"Sub-Saharan Africa","National Resistance Movement (NRM) | 0001",1985-06-23,1985-06-23,1
"Sub-Saharan Africa","Nationalist Integrationist Front (FNI) | 0001",2005-06-02,2005-06-02,1
"Sub-Saharan Africa","Nyatura Militia | 0001",2015-12-30,2015-12-30,1
"Sub-Saharan Africa","Ogaden National Liberation Front (ONLF) | 0001",2008-06-29,2008-06-29,1
"Sub-Saharan Africa","Ombatse Cult | 0001",2013-09-17,2013-09-17,1
"Sub-Saharan Africa","Patriotic Resistance Front in Ituri (FRPI) | 0001",2015-03-21,2015-03-21,1
"Sub-Saharan Africa","People's Democratic Party (PDP) | 0001",2014-08-08,2014-08-08,1
"Sub-Saharan Africa","Popular Front for the Liberation of the Sahara | 0001",1994-05-16,1994-05-16,1
"Sub-Saharan Africa","Popular Movement for the Liberation of Cabinda | 0001",1979-08-01,1979-08-01,1
"Sub-Saharan Africa","Popular Resistance Army (PRA) | 0001",1981-04-22,1981-04-22,1
"Sub-Saharan Africa","Revolutionary Front | 0001",2012-02-26,2012-02-26,1
"Sub-Saharan Africa","Right-Wing Group | 0001",1985-09-25,1985-09-25,1
"Sub-Saharan Africa","Rival clan | 0001",1997-08-23,1997-08-23,1
"Sub-Saharan Africa","Rival Zulu Group, name not stated | 0001",1994-02-20,1994-02-20,1
"Sub-Saharan Africa","Rwenzururu Rebels | 0001",1990-03-04,1990-03-04,1
"Sub-Saharan Africa","Saharan Revolutionary Armed Front (FARS) | 0001",1997-09-20,1997-09-20,1
"Sub-Saharan Africa","Salafist Group for Preaching and Fighting (GSPC) | 0001",2005-07-05,2005-07-05,1
"Sub-Saharan Africa","Shabelle Valley militia | 0001",2012-01-02,2012-01-02,1
"Sub-Saharan Africa","Somali National Alliance | 0001",1992-09-23,1992-09-23,1
"Sub-Saharan Africa","Somali National Movement | 0001",1989-09-02,1989-09-02,1
"Sub-Saharan Africa","South Sudan Armed Forces (SSAF) | 0001",2015-12-05,2015-12-05,1
"Sub-Saharan Africa","Sudan Liberation Army-Minni Minawi (SLA-MM) | 0001",2012-04-18,2012-04-18,1
"Sub-Saharan Africa","Sudan Revolutionary Front (SRF) | 0001",2013-05-31,2013-05-31,1
"Sub-Saharan Africa","Sudanese Rebels | 0001",2012-04-24,2012-04-24,1
"Sub-Saharan Africa","Supporters of Joshua Nkomo | 0001",1982-08-05,1982-08-05,1
"Sub-Saharan Africa","Tepi Youth | 0001",2015-10-28,2015-10-28,1
"Sub-Saharan Africa","Uganda Freedom Movement (UFM) | 0001",1981-05-10,1981-05-10,1
"Sub-Saharan Africa","Uganda People's Army | 0001",1988-09-17,1988-09-17,1
"Sub-Saharan Africa","Union of Congolese Patriots (UPC) | 0001",2012-06-05,2012-06-05,1
"Sub-Saharan Africa","United Liberation Movement for Democracy in Liberia (ULIMO) | 0001",1992-03-29,1992-03-29,1
"Sub-Saharan Africa","Zimbabwe Guerrillas | 0001",1978-09-07,1978-09-07,1
"Western Europe","Irish Republican Army (IRA) | 0783",1971-02-06,2003-11-24,783
"Western Europe","Basque Fatherland and Freedom (ETA) | 0119",1975-05-06,2007-09-10,119
"Western Europe","Irish National Liberation Army (INLA) | 0031",1975-02-25,1996-09-03,31
"Western Europe","Ulster Freedom Fighters (UFF) | 0026",1972-03-26,2015-09-10,26
"Western Europe","Ulster Volunteer Force (UVF) | 0026",1973-02-04,2000-09-16,26
"Western Europe","Official Irish Republican Army (OIRA) | 0021",1971-03-08,1975-10-31,21
"Western Europe","Protestant Extremists | 0016",1972-07-13,2000-09-10,16
"Western Europe","Red Army Faction (RAF) | 0014",1979-06-25,1985-09-06,14
"Western Europe","First of October Antifascist Resistance Group (GRAPO) | 0013",1976-03-27,1990-06-15,13
"Western Europe","Corsican National Liberation Front (FLNC) | 0012",1978-01-14,2003-07-07,12
"Western Europe","Irish People's Liberation Organization (IPLO) | 0009",1986-12-21,1992-11-01,9
"Western Europe","Revolutionary Cells | 0009",1976-06-02,1982-07-02,9
"Western Europe","Anti-Terrorist Liberation Group (GAL) | 0008",1983-12-19,1987-07-24,8
"Western Europe","Fighting Popular Rally | 0007",1977-12-23,1977-12-23,7
"Western Europe","November 17 Revolutionary Organization (N17RO) | 0006",1984-04-03,1992-03-05,6
"Western Europe","Red Brigades | 0006",1978-05-01,1982-08-26,6
"Western Europe","Armed Proletarian Power | 0005",1977-01-01,1977-01-01,5
"Western Europe","Baader-Meinhof Group | 0005",1970-11-09,1973-09-29,5
"Western Europe","Spanish Basque Battalion (BBE) (rightist) | 0005",1978-12-21,1981-04-23,5
"Western Europe","Dissident Republicans | 0004",2013-12-17,2015-08-14,4
"Western Europe","Irish Republican Extremists | 0004",1975-04-03,1987-01-26,4
"Western Europe","Revolutionary Patriotic Anti-Fascist Front (FRAP) | 0004",1975-05-27,1977-05-02,4
"Western Europe","Revolutionary People's Struggle (ELA) | 0004",1987-09-26,1989-10-22,4
"Western Europe","Canary Islands Independence Movement | 0003",1978-02-08,1978-07-08,3
"Western Europe","Guerrillas | 0003",1979-08-09,1979-08-09,3
"Western Europe","Informal Anarchist Federation | 0003",2005-03-01,2011-03-31,3
"Western Europe","Separatists | 0003",1985-02-10,1997-05-09,3
"Western Europe","Action Directe | 0002",1980-09-19,1984-07-13,2
"Western Europe","Basque Militants | 0002",1992-05-31,1992-05-31,2
"Western Europe","Catalan Liberation Front (FAC) | 0002",1972-03-02,1972-03-19,2
"Western Europe","Dev Sol | 0002",1981-04-04,1991-07-11,2
"Western Europe","Iparretarrak (IK) | 0002",1989-06-30,1994-03-29,2
"Western Europe","Loyalist Volunteer Forces (LVF) | 0002",1997-12-27,2000-01-10,2
"Western Europe","Neo-Nazi Group | 0002",1992-11-22,2001-01-26,2
"Western Europe","Real Irish Republican Army (RIRA) | 0002",2000-11-27,2011-06-09,2
"Western Europe","Spanish Armed Group | 0002",1980-01-13,1980-01-16,2
"Western Europe","Spanish National Action | 0002",1979-08-02,1979-09-14,2
"Western Europe","2 April Group | 0001",1983-03-15,1983-03-15,1
"Western Europe","Abu Nidal Organization (ANO) | 0001",1981-10-09,1981-10-09,1
"Western Europe","Al-Sa'iqa | 0001",1984-05-29,1984-05-29,1
"Western Europe","Anarchio Scene | 0001",1984-08-01,1984-08-01,1
"Western Europe","Anarchists | 0001",1996-03-07,1996-03-07,1
"Western Europe","Animal Liberation Front (ALF) | 0001",1999-08-12,1999-08-12,1
"Western Europe","Animal Rights Activists | 0001",2000-08-20,2000-08-20,1
"Western Europe","Anonymous Underground Movement (MCA) | 0001",2004-09-12,2004-09-12,1
"Western Europe","Anti-AF | 0001",1981-03-30,1981-03-30,1
"Western Europe","Anti-Authority Group (Greece) | 0001",1990-02-13,1990-02-13,1
"Western Europe","Anti-Terrorism ETA (ATE) | 0001",1975-11-18,1975-11-18,1
"Western Europe","Ariska Brodraskapet (Aryan Brotherhood) | 0001",1999-06-28,1999-06-28,1
"Western Europe","Armed Struggle for Communism | 0001",1977-02-10,1977-02-10,1
"Western Europe","Autonomous Anarchist Groups | 0001",1979-10-24,1979-10-24,1
"Western Europe","Autonomous Decorators | 0001",2000-01-02,2000-01-02,1
"Western Europe","Azadejan (Liberation) | 0001",1981-08-13,1981-08-13,1
"Western Europe","Basque Separatists | 0001",1987-01-26,1987-01-26,1
"Western Europe","Che Guevara Brigade | 0001",1977-09-11,1977-09-11,1
"Western Europe","Combat 18 | 0001",1999-04-17,1999-04-17,1
"Western Europe","Communist Fighting Nuclei | 0001",1977-07-08,1977-07-08,1
"Western Europe","Communist Fighting Unit | 0001",1978-01-01,1978-01-01,1
"Western Europe","Continuing Struggle | 0001",1989-12-21,1989-12-21,1
"Western Europe","Continuity Irish Republican Army (CIRA) | 0001",2001-10-29,2001-10-29,1
"Western Europe","Croatian Nationalists | 0001",1976-06-16,1976-06-16,1
"Western Europe","Cuncolta Naziunalista | 0001",1995-08-31,1995-08-31,1
"Western Europe","Enraged Revolutionaries | 0001",2003-03-16,2003-03-16,1
"Western Europe","Free All Political Prisoners in Holland | 0001",1992-02-02,1992-02-02,1
"Western Europe","French Armed Islamic Front | 0001",2004-10-08,2004-10-08,1
"Western Europe","Fronte Paesanu Corsu di Liberazione (FPCL) | 0001",1975-07-30,1975-07-30,1
"Western Europe","Japanese Red Army (JRA) | 0001",1988-04-14,1988-04-14,1
"Western Europe","Jarrai | 0001",1999-04-30,1999-04-30,1
"Western Europe","Kach | 0001",1988-02-15,1988-02-15,1
"Western Europe","Khristos Kasimis | 0001",1985-09-14,1985-09-14,1
"Western Europe","Left-Wing Terrorists | 0001",1991-11-17,1991-11-17,1
"Western Europe","Militant Welsh | 0001",1981-10-26,1981-10-26,1
"Western Europe","MLA | 0001",1984-04-10,1984-04-10,1
"Western Europe","Movement for Rebuilding Fatah | 0001",1983-08-20,1983-08-20,1
"Western Europe","Movement for Self-Determination | 0001",1995-08-31,1995-08-31,1
"Western Europe","National Organization of Cypriot Fighters (EOKA) | 0001",1980-04-01,1980-04-01,1
"Western Europe","Neo-Fascists | 0001",1981-02-05,1981-02-05,1
"Western Europe","New Partisans Movement | 0001",1977-01-11,1977-01-11,1
"Western Europe","Northern Terror Front | 0001",1986-01-29,1986-01-29,1
"Western Europe","Organized Proletarian Communists | 0001",1977-10-03,1977-10-03,1
"Western Europe","Paramilitaries | 0001",2000-09-27,2000-09-27,1
"Western Europe","Plowshares | 0001",1983-12-04,1983-12-04,1
"Western Europe","Popular Forces of April 25 | 0001",1986-05-17,1986-05-17,1
"Western Europe","Popular Resistance Sabotage Group | 0001",1974-06-02,1974-06-02,1
"Western Europe","PORE | 0001",1977-12-23,1977-12-23,1
"Western Europe","Pro-Libyan | 0001",1986-12-03,1986-12-03,1
"Western Europe","Red Army for the Liberation of Catalonia | 0001",1987-12-26,1987-12-26,1
"Western Europe","Red Cell | 0001",1976-06-01,1976-06-01,1
"Western Europe","Red Hand Commandos | 0001",1995-09-28,1995-09-28,1
"Western Europe","Red Hand Defenders (RHD) | 0001",1999-06-05,1999-06-05,1
"Western Europe","Resistance, Liberation and Independence Organization (AAA) | 0001",1972-12-07,1972-12-07,1
"Western Europe","Scottish National Liberation Army | 0001",1983-12-10,1983-12-10,1
"Western Europe","Scottish Socialist Republican League | 0001",1981-01-08,1981-01-08,1
"Western Europe","Terra Lliure | 0001",1982-08-21,1982-08-21,1
"Western Europe","The New Irish Republican Army | 0001",2015-05-31,2015-05-31,1
"Western Europe","United Nasirite Organizaiton | 0001",1986-08-04,1986-08-04,1
"Western Europe","Vietnamese | 0001",1997-03-04,1997-03-04,1
"Western Europe","White Wolves (UK) | 0001",1999-04-30,1999-04-30,1
"Western Europe","Youths | 0001",1994-07-17,1994-07-17,1
NA,"NA | 0001",NA,NA,1
